Registration Code,ICAO,Owner Name,Description,Source of info,Notes
N628TS,A091A7,Elon Musk,"Owner of Tesla, SpaceX, Twitter",Jack Sweeney: https://mastodon.social/@ElonJet,
N756LB,AA314F,Jeff Bezos,CEO of Amazon,Jack Sweeney: https://mastodon.social/@BezosJets,
N758PB,AA3908,Jeff Bezos,CEO of Amazon,https://celebrityprivatejettracker.com/leaderboard/,
N887WM,AC39D6,Bill Gates,CEO of Microsoft,Jack Sweeney: https://mastodon.social/@GatesJets,
TWY87,A47B5A,Mark Zuckerberg,CEO of Meta,Jack Sweeney: https://mastodon.social/@ZuckJet,
N68885,A9247D,Mark Zuckerberg,CEO of Meta,https://celebrityprivatejettracker.com/leaderboard/,
N878DB,AC145B,Peter Thiel,"Billionaire, libertarian and conservative political activist",https://simpleflying.com/peter-thiel-gulfstream-v-guide/,
N652WE,A89621,Eric Schmidt,Former CEO of Google/Alphabet,https://celebrityprivatejettracker.com/leaderboard/,
N709DS,A97659,Steve Ballmer,Former CEO of Microsoft,https://celebrityprivatejettracker.com/leaderboard/,
N757AF,AA3410,Donald Trump,,https://celebrityprivatejettracker.com/leaderboard/,
N650HA,A88D6A,Marc Benioff,CEO of Salesforce,https://celebrityprivatejettracker.com/leaderboard/,
N232G,A21084,Sergy Brin,Google Co-founder,https://celebrityprivatejettracker.com/leaderboard/,
N10XG,A0046F,Google Company Plane,,https://celebrityprivatejettracker.com/leaderboard/,
N817GS,AB2404,Larry Ellison,"Investor, Oracle Co-founder",https://celebrityprivatejettracker.com/leaderboard/,
N898NC,AC643B,Rupert Murdoch,Media Mogul,https://celebrityprivatejettracker.com/leaderboard/,
N1TS,,Thomas Siebel,CEO of Siebel Systems and C3.ai. Technologies primarily engaged with customer relationship management applications,https://simpleflying.com/celebrities-biggest-private-jet-carbon-emissions/,
N921MT,,Mark Cuban,American business man and TV personality,https://celebrityprivatejettracker.com/mark-cuban-n921mt/,
N943FL,,Ron DeSantis,Florida Governor,https://celebrityprivatejettracker.com/ron-desantis-n943fl/,
N194WM,,Bill Gates,CEO of Microsoft,https://celebrityprivatejettracker.com/bill-gates-n194wm/,Second Plane
N47EG,,Bloomberg,"Financial service, data, software, and media company",https://celebrityprivatejettracker.com/,with FAA registry
N254DV,,Devos Family,Powerful political family,https://simpleflying.com/celebrities-biggest-private-jet-carbon-emissions/,
N255DV,,Devos Family,Powerful political family,https://www.planespotters.net/airline/DeVos-Family,
N258DV,,Devos Family,Powerful political family,https://www.planespotters.net/airline/DeVos-Family,
N251DV,,Devos Family,Powerful political family,https://www.planespotters.net/airline/DeVos-Family,
N268RB,,Devos Family,Powerful political family,https://www.planespotters.net/airline/DeVos-Family,
N527AC,,Devos Family,Powerful political family,https://www.planespotters.net/airline/DeVos-Family,
N115MH,,Andreessen Horowitz,Fintech VC Fund,https://www.planespotters.net/airline/Andreessen-Horowitz,
N689BG,,Andreessen Horowitz,Fintech VC Fund,https://www.planespotters.net/airline/Andreessen-Horowitz,
98-0001,,United States Government Official,"Air Force operated plane potentially carrying US President, VP, Secretary of State, or First Lady","https://www.reddit.com/r/flightradar24/comments/1lh5dii/air_force_one/#:~:text=Also%20the%20tail%20number%20is,all%20C%2D32Bs)%20no%20longer%20have.",
98-0002,,United States Government Official,"Air Force operated plane potentially carrying US President, VP, Secretary of State, or First Lady","https://www.reddit.com/r/flightradar24/comments/1lh5dii/air_force_one/#:~:text=Also%20the%20tail%20number%20is,all%20C%2D32Bs)%20no%20longer%20have.",
99-0003,,United States Government Official,"Air Force operated plane potentially carrying US President, VP, Secretary of State, or First Lady","https://www.reddit.com/r/flightradar24/comments/1lh5dii/air_force_one/#:~:text=Also%20the%20tail%20number%20is,all%20C%2D32Bs)%20no%20longer%20have.",
99-0004,,United States Government Official,"Air Force operated plane potentially carrying US President, VP, Secretary of State, or First Lady","https://www.reddit.com/r/flightradar24/comments/1lh5dii/air_force_one/#:~:text=Also%20the%20tail%20number%20is,all%20C%2D32Bs)%20no%20longer%20have.",
92-9000,,United States Government Official,"Air Force operated plane potentially carrying US President, VP, Secretary of State, or First Lady","https://www.reddit.com/r/flightradar24/comments/1lh5dii/air_force_one/#:~:text=Also%20the%20tail%20number%20is,all%20C%2D32Bs)%20no%20longer%20have.",
82-8000,,United States Government Official,"Air Force operated plane potentially carrying US President, VP, Secretary of State, or First Lady","https://www.reddit.com/r/flightradar24/comments/1lh5dii/air_force_one/#:~:text=Also%20the%20tail%20number%20is,all%20C%2D32Bs)%20no%20longer%20have.",
99-0015,,United States Government Shadow Plane,,"https://www.reddit.com/r/flightradar24/comments/1lh5dii/air_force_one/#:~:text=Also%20the%20tail%20number%20is,all%20C%2D32Bs)%20no%20longer%20have.",
99-0016,,United States Government Shadow Plane,,"https://www.reddit.com/r/flightradar24/comments/1lh5dii/air_force_one/#:~:text=Also%20the%20tail%20number%20is,all%20C%2D32Bs)%20no%20longer%20have.",
99-0017,,United States Government Shadow Plane,,"https://www.reddit.com/r/flightradar24/comments/1lh5dii/air_force_one/#:~:text=Also%20the%20tail%20number%20is,all%20C%2D32Bs)%20no%20longer%20have.",
99-0018,,United States Government Shadow Plane,,"https://www.reddit.com/r/flightradar24/comments/1lh5dii/air_force_one/#:~:text=Also%20the%20tail%20number%20is,all%20C%2D32Bs)%20no%20longer%20have.",
A7-CGG,,Gianni Infantino,CEO of FIFA using a value-in-kind donation private jet from Qatar Airways,OpenSky Network querying,
A7-BEH,,Qatar Airlines FIFA Plane,,https://simpleflying.com/qatar-airways-fifa-world-cup-2026-boeing-777-special-livery/,